,names
0,Zapatilla Mujer Reebok Classic Leather SP   Blanco
1,Zapatilla Nike Zoom Air Fire   Blanco
2,New Balance 530
3,Zapatillla  New Balance CT302   Beige
4,Zapatilla Mujer New Balance 327   Beige
5,New Balance 327
6,New Balance 327
7,New Balance 610
8,Zapatilla  Converse All Star Lift High Water-Re...
9,Zapatilla  Converse All Star Hi Water-Repellent...
10,Zapatilla Converse Lift Hi Suede
11,Zapatilla  Converse CTAS Lugged 2.0 Hi   Gris
12,Zapatilla  Converse Chuck Taylor  Lift Hi  Marrón
13,Zapatilla Mujer Converse Move Plat Stripe Knit ...
14,Zapatilla Converse Chuck Taylor All Star Lift P...
15,Zapatilla Converse Run Star Hike Hi  Gris
16,Zapatilla  Converse Run Star Hike Hi  Marrón
17,Zapatilla Converse Lugged 2.0 Caunter Climate  ...
18,Zapatilla Vans Old Skool
19,Vans Old Skool Platform   Blanco
20,Zapatilla  Vans Sk8-Hi Mte-1   Negro
21,Zapatilla  Puma Carina Lift TW   Blanco
22,Zapatilla  Puma Mayze   Blanco
23,Zapatillas  Puma Rider FV   Blanco
